{"cameraMode":{"drawMode":0,"name":"Shaded","section":"Shading Mode"},"sceneLighting":false,"audioPlay":false,"sceneViewState":{"showFog":true,"showMaterialUpdate":false,"showSkybox":false,"showFlares":true,"showImageEffects":true,"showParticleSystems":true},"in2DMode":false,"pivot":{"x":7.600006103515625,"y":-3.399993896484375,"z":0.0},"rotation":{"x":-0.05186806246638298,"y":-0.17787736654281617,"z":0.009824791923165322,"w":-0.9827303886413574},"size":122.16987609863281,"orthographic":false}